Ticker,PnL%,Reason,Hold,EntryDate,ExitDate
GODREJPROP.NS,22.88,Target +20%,36,2019-02-25,2019-04-02
OBEROIRLTY.NS,20.23,Target +20%,46,2019-02-25,2019-04-12
LEMONTREE.NS,-5.51,Tight Trail -8%,25,2019-03-28,2019-04-22
GODFRYPHLP.NS,-2.73,Tight Trail -8%,33,2019-03-28,2019-04-30
ICICIGI.NS,20.63,Target +20%,66,2019-02-25,2019-05-02
LALPATHLAB.NS,-4.32,Tight Trail -8%,73,2019-02-25,2019-05-09
PRESTIGE.NS,-2.51,Tight Trail -8%,46,2019-03-28,2019-05-13
ATGL.NS,-7.19,Tight Trail -8%,10,2019-05-03,2019-05-13
ICICIPRULI.NS,-9.37,Tight Trail -8%,10,2019-05-03,2019-05-13
JPPOWER.NS,3.45,Tight Trail -8%,11,2019-05-03,2019-05-14
GODFRYPHLP.NS,-10.96,Tight Trail -8%,27,2019-05-03,2019-05-30
MOTILALOFS.NS,4.17,Tight Trail -8%,35,2019-05-03,2019-06-07
JPPOWER.NS,-10.0,Tight Trail -8%,4,2019-06-03,2019-06-07
ATGL.NS,-6.91,Tight Trail -8%,8,2019-06-03,2019-06-11
PRESTIGE.NS,-8.99,Tight Trail -8%,9,2019-06-03,2019-06-12
ICICIPRULI.NS,-9.3,Tight Trail -8%,10,2019-06-03,2019-06-13
OBEROIRLTY.NS,-1.49,Tight Trail -8%,42,2019-05-03,2019-06-14
ABREL.NS,-9.34,Tight Trail -8%,11,2019-06-03,2019-06-14
AARTIIND.NS,-8.61,Tight Trail -8%,14,2019-06-03,2019-06-17
LINDEINDIA.NS,-8.61,Tight Trail -8%,14,2019-06-03,2019-06-17
JMFINANCIL.NS,-8.48,Tight Trail -8%,15,2019-06-03,2019-06-18
GUJGASLTD.NS,6.88,Tight Trail -8%,52,2019-05-03,2019-06-24
GODREJPROP.NS,21.7,Target +20%,28,2019-06-03,2019-07-01
PRESTIGE.NS,-9.84,Tight Trail -8%,5,2019-07-03,2019-07-08
OBEROIRLTY.NS,-9.05,Tight Trail -8%,5,2019-07-03,2019-07-08
ABREL.NS,-9.0,Tight Trail -8%,5,2019-07-03,2019-07-08
ADANIPOWER.NS,-7.3,Tight Trail -8%,16,2019-07-03,2019-07-19
ATGL.NS,-7.43,Tight Trail -8%,21,2019-07-03,2019-07-24
TIMKEN.NS,-8.24,Tight Trail -8%,26,2019-07-03,2019-07-29
SYNGENE.NS,-8.03,Tight Trail -8%,28,2019-07-03,2019-07-31
TORNTPOWER.NS,-7.96,Tight Trail -8%,33,2019-07-03,2019-08-05
GODREJPROP.NS,-4.31,Tight Trail -8%,36,2019-07-03,2019-08-08
ICICIGI.NS,-0.52,Tight Trail -8%,34,2019-08-01,2019-09-04
ICICIPRULI.NS,20.64,Target +20%,90,2019-07-03,2019-10-01
ADANIPOWER.NS,3.96,Tight Trail -8%,61,2019-08-01,2019-10-01
GSPL.NS,-1.97,Tight Trail -8%,63,2019-08-01,2019-10-03
LALPATHLAB.NS,20.96,Target +20%,51,2019-09-04,2019-10-25
SBILIFE.NS,22.74,Target +20%,55,2019-09-04,2019-10-29
BERGEPAINT.NS,21.04,Target +20%,24,2019-10-07,2019-10-31
HDFCLIFE.NS,8.31,Tight Trail -8%,64,2019-09-04,2019-11-07
GODFRYPHLP.NS,21.3,Target +20%,31,2019-10-07,2019-11-07
GICRE.NS,-5.63,Tight Trail -8%,7,2019-11-08,2019-11-15
GODFRYPHLP.NS,0.02,Tight Trail -8%,12,2019-11-08,2019-11-20
METROPOLIS.NS,2.61,Tight Trail -8%,64,2019-10-07,2019-12-10
TIMKEN.NS,-5.33,Tight Trail -8%,32,2019-11-08,2019-12-10
LALPATHLAB.NS,6.1,Tight Trail -8%,32,2019-11-08,2019-12-10
MOTILALOFS.NS,7.05,Tight Trail -8%,48,2019-11-08,2019-12-26
ALKYLAMINE.NS,22.31,Target +20%,60,2019-11-08,2020-01-07
MFSL.NS,-0.61,Tight Trail -8%,30,2019-12-10,2020-01-09
DLF.NS,20.5,Target +20%,38,2019-12-10,2020-01-17
GUJGASLTD.NS,20.17,Target +20%,41,2019-12-10,2020-01-20
IEX.NS,6.31,Tight Trail -8%,13,2020-01-09,2020-01-22
IGL.NS,20.04,Target +20%,44,2019-12-10,2020-01-23
MOTILALOFS.NS,-4.43,Tight Trail -8%,18,2020-01-09,2020-01-27
GODFRYPHLP.NS,-3.24,Tight Trail -8%,50,2019-12-10,2020-01-29
LINDEINDIA.NS,23.1,Target +20%,50,2019-12-10,2020-01-29
NIACL.NS,-1.93,Tight Trail -8%,55,2019-12-10,2020-02-03
BERGEPAINT.NS,21.24,Target +20%,88,2019-11-08,2020-02-04
ALKYLAMINE.NS,22.05,Target +20%,32,2020-01-09,2020-02-10
JPPOWER.NS,-10.26,Tight Trail -8%,6,2020-02-07,2020-02-13
JMFINANCIL.NS,-8.94,Tight Trail -8%,10,2020-02-07,2020-02-17
ABREL.NS,-7.91,Tight Trail -8%,18,2020-02-07,2020-02-25
LINDEINDIA.NS,-1.49,Tight Trail -8%,18,2020-02-07,2020-02-25
GUJGASLTD.NS,-9.3,Tight Trail -8%,21,2020-02-07,2020-02-28
PIDILITIND.NS,21.07,Target +20%,151,2019-10-07,2020-03-06
ALKYLAMINE.NS,-12.79,Tight Trail -8%,1,2020-03-11,2020-03-12
ASIANPAINT.NS,-1.85,Tight Trail -8%,161,2019-10-07,2020-03-16
METROPOLIS.NS,-8.5,Tight Trail -8%,5,2020-03-11,2020-03-16
BASF.NS,-5.93,Tight Trail -8%,6,2020-03-11,2020-03-17
NIACL.NS,-7.58,Tight Trail -8%,9,2020-04-15,2020-04-24
AARTIIND.NS,21.17,Target +20%,13,2020-04-15,2020-04-28
BASF.NS,-10.5,Tight Trail -8%,19,2020-04-15,2020-05-04
ITC.NS,-8.08,Tight Trail -8%,19,2020-04-15,2020-05-04
TORNTPOWER.NS,1.39,Tight Trail -8%,23,2020-04-15,2020-05-08
IGL.NS,-1.73,Tight Trail -8%,33,2020-04-15,2020-05-18
RPOWER.NS,22.22,Target +20%,20,2020-05-15,2020-06-04
AARTIIND.NS,-12.34,Tight Trail -8%,20,2020-05-15,2020-06-04
ALKYLAMINE.NS,23.15,Target +20%,39,2020-05-15,2020-06-23
SYNGENE.NS,24.23,Target +20%,39,2020-05-15,2020-06-23
RPOWER.NS,23.21,Target +20%,7,2020-06-16,2020-06-23
JPPOWER.NS,20.69,Target +20%,8,2020-06-16,2020-06-24
ATGL.NS,25.11,Target +20%,9,2020-06-16,2020-06-25
NIACL.NS,-10.54,Tight Trail -8%,9,2020-06-16,2020-06-25
ICICIGI.NS,-9.04,Tight Trail -8%,13,2020-06-16,2020-06-29
IEX.NS,-6.67,Tight Trail -8%,35,2020-06-16,2020-07-21
CDSL.NS,27.47,Target +20%,41,2020-06-16,2020-07-27
RPOWER.NS,-1.45,Tight Trail -8%,13,2020-07-15,2020-07-28
JPPOWER.NS,22.22,Target +20%,16,2020-07-15,2020-07-31
ALKYLAMINE.NS,21.68,Target +20%,29,2020-07-15,2020-08-13
LEMONTREE.NS,30.24,Target +20%,29,2020-07-15,2020-08-13
LEMONTREE.NS,-9.6,Tight Trail -8%,4,2020-08-13,2020-08-17
JPPOWER.NS,-11.11,Tight Trail -8%,5,2020-08-13,2020-08-18
TATAPOWER.NS,20.25,Target +20%,35,2020-07-15,2020-08-19
ANANTRAJ.NS,30.75,Target +20%,11,2020-08-13,2020-08-24
ATGL.NS,24.41,Target +20%,41,2020-07-15,2020-08-25
SYNGENE.NS,21.23,Target +20%,41,2020-07-15,2020-08-25
PRESTIGE.NS,1.64,Tight Trail -8%,12,2020-08-13,2020-08-25
RPOWER.NS,-10.53,Tight Trail -8%,18,2020-08-13,2020-08-31
PCBL.NS,-3.7,Tight Trail -8%,18,2020-08-13,2020-08-31
TORNTPOWER.NS,6.34,Tight Trail -8%,116,2020-05-15,2020-09-08
JPPOWER.NS,-9.43,Tight Trail -8%,10,2020-09-11,2020-09-21
CDSL.NS,-1.08,Tight Trail -8%,10,2020-09-11,2020-09-21
ATGL.NS,-10.15,Tight Trail -8%,10,2020-09-11,2020-09-21
ATUL.NS,-0.67,Tight Trail -8%,10,2020-09-11,2020-09-21
TATAPOWER.NS,-6.53,Tight Trail -8%,10,2020-09-11,2020-09-21
ALKYLAMINE.NS,-3.55,Tight Trail -8%,11,2020-09-11,2020-09-22
EIHOTEL.NS,-6.3,Tight Trail -8%,11,2020-09-11,2020-09-22
TIMKEN.NS,-0.78,Tight Trail -8%,11,2020-09-11,2020-09-22
PCBL.NS,-0.98,Tight Trail -8%,13,2020-09-11,2020-09-24
JSWENERGY.NS,-4.68,Tight Trail -8%,13,2020-09-11,2020-09-24
SYNGENE.NS,21.56,Target +20%,14,2020-09-11,2020-09-25
FLUOROCHEM.NS,-6.38,Tight Trail -8%,19,2020-09-11,2020-09-30
ALKYLAMINE.NS,-5.67,Tight Trail -8%,13,2020-10-13,2020-10-26
JSWENERGY.NS,2.64,Tight Trail -8%,15,2020-10-13,2020-10-28
ANANTRAJ.NS,-6.75,Tight Trail -8%,16,2020-10-13,2020-10-29
PCBL.NS,4.33,Tight Trail -8%,16,2020-10-13,2020-10-29
ATGL.NS,21.28,Target +20%,22,2020-10-13,2020-11-04
BRIGADE.NS,23.43,Target +20%,23,2020-10-13,2020-11-05
ATGL.NS,24.83,Target +20%,6,2020-11-11,2020-11-17
METROPOLIS.NS,4.86,Tight Trail -8%,51,2020-10-13,2020-12-03
BRIGADE.NS,21.13,Target +20%,30,2020-11-11,2020-12-11
LINDEINDIA.NS,21.02,Target +20%,62,2020-10-13,2020-12-14
ATUL.NS,0.72,Tight Trail -8%,63,2020-10-13,2020-12-15
JPPOWER.NS,-9.76,Tight Trail -8%,1,2020-12-14,2020-12-15
DLF.NS,28.7,Target +20%,35,2020-11-11,2020-12-16
CDSL.NS,4.09,Tight Trail -8%,69,2020-10-13,2020-12-21
PRESTIGE.NS,5.28,Tight Trail -8%,69,2020-10-13,2020-12-21
PCBL.NS,0.13,Tight Trail -8%,40,2020-11-11,2020-12-21
DBREALTY.NS,-10.14,Tight Trail -8%,7,2020-12-14,2020-12-21
IGL.NS,20.99,Target +20%,56,2020-11-11,2021-01-06
ANANTRAJ.NS,21.98,Target +20%,29,2020-12-14,2021-01-12
SYNGENE.NS,6.48,Tight Trail -8%,97,2020-10-13,2021-01-18
BRIGADE.NS,-6.08,Tight Trail -8%,8,2021-01-13,2021-01-21
DLF.NS,-7.74,Tight Trail -8%,14,2021-01-13,2021-01-27
GAIL.NS,-7.86,Tight Trail -8%,14,2021-01-13,2021-01-27
TATAPOWER.NS,-11.53,Tight Trail -8%,14,2021-01-13,2021-01-27
IGL.NS,-8.8,Tight Trail -8%,16,2021-01-13,2021-01-29
MFSL.NS,20.42,Target +20%,90,2020-11-11,2021-02-09
DBREALTY.NS,5.54,Tight Trail -8%,30,2021-01-13,2021-02-12
ATGL.NS,38.46,Target +20%,64,2020-12-14,2021-02-16
LEMONTREE.NS,-1.82,Tight Trail -8%,40,2021-01-13,2021-02-22
SOBHA.NS,-9.4,Tight Trail -8%,44,2021-01-13,2021-02-26
ANANTRAJ.NS,20.65,Target +20%,17,2021-02-12,2021-03-01
TATAPOWER.NS,20.56,Target +20%,19,2021-02-12,2021-03-03
GUJGASLTD.NS,22.3,Target +20%,19,2021-02-12,2021-03-03
ADANIPOWER.NS,24.63,Target +20%,20,2021-02-12,2021-03-04
ABREL.NS,6.36,Tight Trail -8%,25,2021-02-12,2021-03-09
DLF.NS,-6.61,Tight Trail -8%,33,2021-02-12,2021-03-17
GAIL.NS,4.14,Tight Trail -8%,33,2021-02-12,2021-03-17
SKFINDIA.NS,-6.98,Tight Trail -8%,34,2021-02-12,2021-03-18
ANANTRAJ.NS,-8.86,Tight Trail -8%,2,2021-03-16,2021-03-18
ALKYLAMINE.NS,22.23,Target +20%,69,2021-01-13,2021-03-23
ADANIPOWER.NS,22.26,Target +20%,7,2021-03-16,2021-03-23
ATGL.NS,22.56,Target +20%,8,2021-03-16,2021-03-24
DBREALTY.NS,-8.3,Tight Trail -8%,9,2021-03-16,2021-03-25
GICRE.NS,-9.41,Tight Trail -8%,9,2021-03-16,2021-03-25
IEX.NS,-2.02,Tight Trail -8%,9,2021-03-16,2021-03-25
LINDEINDIA.NS,-3.65,Tight Trail -8%,49,2021-03-16,2021-05-04
JSWENERGY.NS,20.45,Target +20%,22,2021-04-19,2021-05-11
GUJGASLTD.NS,-3.34,Tight Trail -8%,57,2021-03-16,2021-05-12
ATGL.NS,4.31,Tight Trail -8%,25,2021-04-19,2021-05-14
CDSL.NS,21.0,Target +20%,28,2021-04-19,2021-05-17
IEX.NS,2.5,Tight Trail -8%,31,2021-04-19,2021-05-20
GICRE.NS,-6.52,Tight Trail -8%,38,2021-04-19,2021-05-27
RPOWER.NS,24.64,Target +20%,7,2021-05-20,2021-05-27
ADANIPOWER.NS,5.15,Tight Trail -8%,39,2021-04-19,2021-05-28
ATGL.NS,21.31,Target +20%,14,2021-05-20,2021-06-03
ANGELONE.NS,28.97,Target +20%,18,2021-05-20,2021-06-07
JSWENERGY.NS,22.32,Target +20%,19,2021-05-20,2021-06-08
ALKYLAMINE.NS,-1.14,Tight Trail -8%,29,2021-05-20,2021-06-18
RPOWER.NS,-0.32,Tight Trail -8%,6,2021-06-18,2021-06-24
JPPOWER.NS,-0.85,Tight Trail -8%,6,2021-06-18,2021-06-24
FLUOROCHEM.NS,-9.36,Tight Trail -8%,11,2021-06-18,2021-06-29
ADANIPOWER.NS,1.22,Tight Trail -8%,11,2021-06-18,2021-06-29
HSCL.NS,-3.29,Tight Trail -8%,13,2021-06-18,2021-07-01
CDSL.NS,21.05,Target +20%,50,2021-05-20,2021-07-09
ANGELONE.NS,20.52,Target +20%,21,2021-06-18,2021-07-09
JSWENERGY.NS,22.86,Target +20%,28,2021-06-18,2021-07-16
JPPOWER.NS,-9.02,Tight Trail -8%,3,2021-07-19,2021-07-22
RPOWER.NS,-11.61,Tight Trail -8%,4,2021-07-19,2021-07-23
CDSL.NS,-11.84,Tight Trail -8%,4,2021-07-19,2021-07-23
JSWENERGY.NS,22.52,Target +20%,4,2021-07-19,2021-07-23
ALKYLAMINE.NS,25.09,Target +20%,38,2021-06-18,2021-07-26
ANGELONE.NS,-9.05,Tight Trail -8%,7,2021-07-19,2021-07-26
MOTILALOFS.NS,-14.16,Tight Trail -8%,11,2021-07-19,2021-07-30
METROPOLIS.NS,1.09,Tight Trail -8%,52,2021-06-18,2021-08-09
FLUOROCHEM.NS,5.39,Tight Trail -8%,22,2021-07-19,2021-08-10
ABREL.NS,3.34,Tight Trail -8%,35,2021-07-19,2021-08-23
JSWENERGY.NS,-8.22,Tight Trail -8%,5,2021-08-18,2021-08-23
JUBLINGREA.NS,-9.16,Tight Trail -8%,5,2021-08-18,2021-08-23
ANGELONE.NS,-10.36,Tight Trail -8%,5,2021-08-18,2021-08-23
ICICIPRULI.NS,20.3,Target +20%,77,2021-06-18,2021-09-03
GSPL.NS,-9.66,Tight Trail -8%,29,2021-08-18,2021-09-16
GUJGASLTD.NS,-8.32,Tight Trail -8%,30,2021-08-18,2021-09-17
CDSL.NS,5.71,Tight Trail -8%,35,2021-08-18,2021-09-22
LALPATHLAB.NS,-5.18,Tight Trail -8%,40,2021-08-18,2021-09-27
SOLARINDS.NS,24.84,Target +20%,43,2021-08-18,2021-09-30
LINDEINDIA.NS,1.31,Tight Trail -8%,10,2021-09-20,2021-09-30
FLUOROCHEM.NS,24.32,Target +20%,47,2021-08-18,2021-10-04
AARTIIND.NS,20.65,Target +20%,109,2021-06-18,2021-10-05
SOBHA.NS,26.48,Target +20%,17,2021-09-20,2021-10-07
IEX.NS,34.06,Target +20%,21,2021-09-20,2021-10-11
LODHA.NS,21.06,Target +20%,21,2021-09-20,2021-10-11
JSWENERGY.NS,20.56,Target +20%,23,2021-09-20,2021-10-13
ANGELONE.NS,29.93,Target +20%,23,2021-09-20,2021-10-13
ABREL.NS,2.63,Tight Trail -8%,30,2021-09-20,2021-10-20
SOLARINDS.NS,-14.57,Tight Trail -8%,2,2021-10-20,2021-10-22
IEX.NS,-11.46,Tight Trail -8%,5,2021-10-20,2021-10-25
DBREALTY.NS,-5.17,Tight Trail -8%,5,2021-10-20,2021-10-25
JSWENERGY.NS,-7.43,Tight Trail -8%,8,2021-10-20,2021-10-28
INDHOTEL.NS,-9.16,Tight Trail -8%,8,2021-10-20,2021-10-28
GODREJPROP.NS,-3.79,Tight Trail -8%,28,2021-10-20,2021-11-17
TATAPOWER.NS,-1.17,Tight Trail -8%,33,2021-10-20,2021-11-22
LINDEINDIA.NS,-2.38,Tight Trail -8%,33,2021-10-20,2021-11-22
CHALET.NS,3.7,Tight Trail -8%,33,2021-10-20,2021-11-22
BRIGADE.NS,6.63,Tight Trail -8%,33,2021-10-20,2021-11-22
TATAINVEST.NS,-5.88,Tight Trail -8%,37,2021-10-20,2021-11-26
CHALET.NS,-3.39,Tight Trail -8%,4,2021-11-22,2021-11-26
TATAPOWER.NS,-3.95,Tight Trail -8%,7,2021-11-22,2021-11-29
DBREALTY.NS,-3.79,Tight Trail -8%,7,2021-11-22,2021-11-29
SOLARINDS.NS,-7.28,Tight Trail -8%,7,2021-11-22,2021-11-29
ATGL.NS,20.38,Target +20%,49,2021-10-20,2021-12-08
LODHA.NS,-0.29,Tight Trail -8%,21,2021-11-22,2021-12-13
IEX.NS,1.99,Tight Trail -8%,23,2021-11-22,2021-12-15
JPPOWER.NS,28.0,Target +20%,7,2021-12-21,2021-12-28
FLUOROCHEM.NS,23.82,Target +20%,15,2021-12-21,2022-01-05
METROPOLIS.NS,-4.19,Tight Trail -8%,21,2021-12-21,2022-01-11
CLEAN.NS,7.04,Tight Trail -8%,28,2021-12-21,2022-01-18
CDSL.NS,2.34,Tight Trail -8%,34,2021-12-21,2022-01-24
JPPOWER.NS,-3.83,Tight Trail -8%,5,2022-01-19,2022-01-24
SOBHA.NS,-13.38,Tight Trail -8%,5,2022-01-19,2022-01-24
FLUOROCHEM.NS,-10.78,Tight Trail -8%,8,2022-01-19,2022-01-27
SKFINDIA.NS,-2.99,Tight Trail -8%,41,2021-12-21,2022-01-31
DBREALTY.NS,23.02,Target +20%,15,2022-01-19,2022-02-03
TORNTPOWER.NS,-2.36,Tight Trail -8%,48,2021-12-21,2022-02-07
ATGL.NS,0.82,Tight Trail -8%,55,2021-12-21,2022-02-14
JPPOWER.NS,-8.18,Tight Trail -8%,3,2022-02-18,2022-02-21
ADANIPOWER.NS,-8.7,Tight Trail -8%,3,2022-02-18,2022-02-21
DBREALTY.NS,-9.69,Tight Trail -8%,4,2022-02-18,2022-02-22
LINDEINDIA.NS,-0.62,Tight Trail -8%,6,2022-02-18,2022-02-24
FLUOROCHEM.NS,-8.07,Tight Trail -8%,7,2022-02-18,2022-02-25
JSWENERGY.NS,-8.06,Tight Trail -8%,17,2022-02-18,2022-03-07
ANGELONE.NS,24.63,Target +20%,27,2022-02-18,2022-03-17
LEMONTREE.NS,20.16,Target +20%,5,2022-03-23,2022-03-28
HSCL.NS,27.16,Target +20%,39,2022-02-18,2022-03-29
ADANIPOWER.NS,33.29,Target +20%,6,2022-03-23,2022-03-29
LINDEINDIA.NS,0.69,Tight Trail -8%,26,2022-03-23,2022-04-18
DBREALTY.NS,-3.49,Tight Trail -8%,27,2022-03-23,2022-04-19
CHALET.NS,-5.72,Tight Trail -8%,27,2022-03-23,2022-04-19
TIMKEN.NS,-9.21,Tight Trail -8%,34,2022-03-23,2022-04-26
GAIL.NS,8.39,Tight Trail -8%,35,2022-03-23,2022-04-27
FLUOROCHEM.NS,-6.95,Tight Trail -8%,40,2022-03-23,2022-05-02
ANGELONE.NS,3.97,Tight Trail -8%,42,2022-03-23,2022-05-04
ADANIPOWER.NS,-2.1,Tight Trail -8%,9,2022-04-25,2022-05-04
LEMONTREE.NS,-5.33,Tight Trail -8%,14,2022-04-25,2022-05-09
ATGL.NS,-2.68,Tight Trail -8%,16,2022-04-25,2022-05-11
LINDEINDIA.NS,-5.58,Tight Trail -8%,16,2022-04-25,2022-05-11
ADANIPOWER.NS,2.59,Tight Trail -8%,7,2022-05-25,2022-06-01
PHOENIXLTD.NS,-2.71,Tight Trail -8%,21,2022-05-25,2022-06-15
GODFRYPHLP.NS,-5.76,Tight Trail -8%,23,2022-05-25,2022-06-17
ICICIPRULI.NS,-2.46,Tight Trail -8%,23,2022-05-25,2022-06-17
HDFCLIFE.NS,-2.94,Tight Trail -8%,23,2022-05-25,2022-06-17
STARHEALTH.NS,-12.18,Tight Trail -8%,23,2022-05-25,2022-06-17
TIMKEN.NS,20.68,Target +20%,26,2022-06-23,2022-07-19
LODHA.NS,1.46,Tight Trail -8%,42,2022-06-23,2022-08-04
MFSL.NS,-0.71,Tight Trail -8%,46,2022-06-23,2022-08-08
ANANTRAJ.NS,-3.9,Tight Trail -8%,17,2022-07-22,2022-08-08
CHALET.NS,20.45,Target +20%,54,2022-06-23,2022-08-16
PHOENIXLTD.NS,20.18,Target +20%,56,2022-06-23,2022-08-18
HSCL.NS,20.2,Target +20%,27,2022-07-22,2022-08-18
SKFINDIA.NS,20.56,Target +20%,39,2022-07-22,2022-08-30
RPOWER.NS,31.7,Target +20%,8,2022-08-24,2022-09-01
ANANTRAJ.NS,25.52,Target +20%,9,2022-08-24,2022-09-02
TIMKEN.NS,21.87,Target +20%,48,2022-07-22,2022-09-08
BASF.NS,-10.26,Tight Trail -8%,23,2022-08-24,2022-09-16
SOBHA.NS,-5.11,Tight Trail -8%,26,2022-08-24,2022-09-19
HSCL.NS,2.32,Tight Trail -8%,33,2022-08-24,2022-09-26
ATGL.NS,-1.66,Tight Trail -8%,33,2022-08-24,2022-09-26
SOLARINDS.NS,0.06,Tight Trail -8%,33,2022-08-24,2022-09-26
DBREALTY.NS,-9.72,Tight Trail -8%,4,2022-09-23,2022-09-27
ANANTRAJ.NS,-8.43,Tight Trail -8%,5,2022-09-23,2022-09-28
EIHOTEL.NS,-8.02,Tight Trail -8%,19,2022-09-23,2022-10-12
FLUOROCHEM.NS,8.97,Tight Trail -8%,56,2022-08-24,2022-10-19
VIJAYA.NS,-8.9,Tight Trail -8%,6,2022-10-25,2022-10-31
LALPATHLAB.NS,-8.35,Tight Trail -8%,15,2022-10-25,2022-11-09
FLUOROCHEM.NS,-6.1,Tight Trail -8%,17,2022-10-25,2022-11-11
EIHOTEL.NS,-6.41,Tight Trail -8%,20,2022-10-25,2022-11-14
HSCL.NS,-6.34,Tight Trail -8%,20,2022-10-25,2022-11-14
GODFRYPHLP.NS,24.81,Target +20%,23,2022-10-25,2022-11-17
ANANTRAJ.NS,0.61,Tight Trail -8%,24,2022-10-25,2022-11-18
DBREALTY.NS,1.67,Tight Trail -8%,27,2022-10-25,2022-11-21
CHOICEIN.NS,2.39,Tight Trail -8%,27,2022-10-25,2022-11-21
SOLARINDS.NS,-3.26,Tight Trail -8%,31,2022-10-25,2022-11-25
VIJAYA.NS,-0.85,Tight Trail -8%,12,2022-11-25,2022-12-07
TATAINVEST.NS,-7.37,Tight Trail -8%,76,2022-09-23,2022-12-08
LEMONTREE.NS,9.1,Tight Trail -8%,45,2022-10-25,2022-12-09
ANGELONE.NS,-3.5,Tight Trail -8%,17,2022-11-25,2022-12-12
PCBL.NS,-4.4,Tight Trail -8%,17,2022-11-25,2022-12-12
TIMKEN.NS,-8.27,Tight Trail -8%,24,2022-11-25,2022-12-19
JMFINANCIL.NS,3.06,Tight Trail -8%,26,2022-11-25,2022-12-21
GODFRYPHLP.NS,4.44,Tight Trail -8%,27,2022-11-25,2022-12-22
CHOICEIN.NS,-9.44,Tight Trail -8%,27,2022-11-25,2022-12-22
ANANTRAJ.NS,-13.35,Tight Trail -8%,28,2022-11-25,2022-12-23
GSPL.NS,-8.88,Tight Trail -8%,28,2022-11-25,2022-12-23
GICRE.NS,21.08,Target +20%,9,2022-12-26,2023-01-04
NIACL.NS,20.86,Target +20%,9,2022-12-26,2023-01-04
JUBLINGREA.NS,-5.12,Tight Trail -8%,52,2022-11-25,2023-01-16
GODFRYPHLP.NS,7.87,Tight Trail -8%,21,2022-12-26,2023-01-16
LICI.NS,-3.2,Tight Trail -8%,32,2022-12-26,2023-01-27
ATGL.NS,-24.76,Tight Trail -8%,3,2023-01-24,2023-01-27
ANANTRAJ.NS,-9.03,Tight Trail -8%,3,2023-01-24,2023-01-27
GICRE.NS,-12.43,Tight Trail -8%,8,2023-01-24,2023-02-01
NIACL.NS,-13.19,Tight Trail -8%,8,2023-01-24,2023-02-01
GSPL.NS,-1.03,Tight Trail -8%,39,2022-12-26,2023-02-03
LODHA.NS,-9.57,Tight Trail -8%,10,2023-01-24,2023-02-03
GODFRYPHLP.NS,-6.38,Tight Trail -8%,13,2023-01-24,2023-02-06
LINDEINDIA.NS,-4.58,Tight Trail -8%,19,2023-02-23,2023-03-14
VIJAYA.NS,-9.79,Tight Trail -8%,1,2023-03-27,2023-03-28
POLICYBZR.NS,22.5,Target +20%,36,2023-02-23,2023-03-31
ANANTRAJ.NS,20.64,Target +20%,42,2023-02-23,2023-04-06
CHOICEIN.NS,20.37,Target +20%,32,2023-03-27,2023-04-28
HSCL.NS,21.57,Target +20%,23,2023-05-02,2023-05-25
STARHEALTH.NS,-11.84,Tight Trail -8%,24,2023-05-02,2023-05-26
TORNTPOWER.NS,20.8,Target +20%,70,2023-03-27,2023-06-05
FLUOROCHEM.NS,-6.82,Tight Trail -8%,41,2023-05-02,2023-06-12
LODHA.NS,24.59,Target +20%,13,2023-05-31,2023-06-13
ANANTRAJ.NS,20.26,Target +20%,49,2023-05-02,2023-06-20
ADANIPOWER.NS,2.78,Tight Trail -8%,22,2023-05-31,2023-06-22
POLICYBZR.NS,20.25,Target +20%,56,2023-05-02,2023-06-27
LODHA.NS,-2.65,Tight Trail -8%,11,2023-06-30,2023-07-11
ANGELONE.NS,-7.62,Tight Trail -8%,17,2023-06-30,2023-07-17
LINDEINDIA.NS,20.05,Target +20%,121,2023-03-27,2023-07-26
RPOWER.NS,21.0,Target +20%,32,2023-06-30,2023-08-01
GODREJPROP.NS,0.29,Tight Trail -8%,34,2023-06-30,2023-08-03
MGL.NS,2.3,Tight Trail -8%,100,2023-05-02,2023-08-10
HSCL.NS,21.06,Target +20%,41,2023-06-30,2023-08-10
LODHA.NS,-8.78,Tight Trail -8%,10,2023-07-31,2023-08-10
ADANIPOWER.NS,21.91,Target +20%,49,2023-06-30,2023-08-18
EIHOTEL.NS,26.14,Target +20%,111,2023-05-02,2023-08-21
ABREL.NS,-9.18,Tight Trail -8%,21,2023-07-31,2023-08-21
LEMONTREE.NS,22.24,Target +20%,112,2023-05-02,2023-08-22
ANANTRAJ.NS,20.47,Target +20%,59,2023-06-30,2023-08-28
MOTILALOFS.NS,3.21,Tight Trail -8%,28,2023-07-31,2023-08-28
GICRE.NS,20.26,Target +20%,60,2023-06-30,2023-08-29
HSCL.NS,24.22,Target +20%,6,2023-08-30,2023-09-05
JSWENERGY.NS,20.87,Target +20%,12,2023-08-30,2023-09-11
JPPOWER.NS,20.25,Target +20%,12,2023-08-30,2023-09-11
DBREALTY.NS,-4.1,Tight Trail -8%,13,2023-08-30,2023-09-12
RPOWER.NS,-8.91,Tight Trail -8%,13,2023-08-30,2023-09-12
LINDEINDIA.NS,0.06,Tight Trail -8%,13,2023-08-30,2023-09-12
ANANTRAJ.NS,-1.46,Tight Trail -8%,23,2023-08-30,2023-09-22
JPPOWER.NS,-11.71,Tight Trail -8%,10,2023-09-29,2023-10-09
ADANIPOWER.NS,-9.39,Tight Trail -8%,10,2023-09-29,2023-10-09
JSWENERGY.NS,-9.16,Tight Trail -8%,12,2023-09-29,2023-10-11
TATAINVEST.NS,-5.0,Tight Trail -8%,17,2023-09-29,2023-10-16
DBREALTY.NS,-2.16,Tight Trail -8%,21,2023-09-29,2023-10-20
MOTILALOFS.NS,2.41,Tight Trail -8%,54,2023-08-30,2023-10-23
GODFRYPHLP.NS,-3.41,Tight Trail -8%,24,2023-09-29,2023-10-23
HSCL.NS,-1.99,Tight Trail -8%,26,2023-09-29,2023-10-25
LINDEINDIA.NS,2.06,Tight Trail -8%,26,2023-09-29,2023-10-25
SOBHA.NS,0.69,Tight Trail -8%,26,2023-09-29,2023-10-25
JPPOWER.NS,27.84,Target +20%,5,2023-11-01,2023-11-06
ANGELONE.NS,-3.54,Tight Trail -8%,6,2023-11-01,2023-11-07
PRESTIGE.NS,21.65,Target +20%,15,2023-11-01,2023-11-16
DBREALTY.NS,22.19,Target +20%,16,2023-11-01,2023-11-17
PCBL.NS,20.06,Target +20%,16,2023-11-01,2023-11-17
ADANIPOWER.NS,22.18,Target +20%,27,2023-11-01,2023-11-28
HSCL.NS,23.78,Target +20%,35,2023-11-01,2023-12-06
SOBHA.NS,0.62,Tight Trail -8%,9,2023-12-04,2023-12-13
TORNTPOWER.NS,-5.71,Tight Trail -8%,9,2023-12-04,2023-12-13
NIACL.NS,-11.6,Tight Trail -8%,16,2023-12-04,2023-12-20
JPPOWER.NS,0.78,Tight Trail -8%,16,2023-12-04,2023-12-20
PCBL.NS,-10.35,Tight Trail -8%,16,2023-12-04,2023-12-20
PRESTIGE.NS,-3.69,Tight Trail -8%,17,2023-12-04,2023-12-21
ANGELONE.NS,20.55,Target +20%,28,2023-12-04,2024-01-01
SOBHA.NS,20.45,Target +20%,9,2024-01-03,2024-01-12
ANGELONE.NS,-4.3,Tight Trail -8%,13,2024-01-03,2024-01-16
ATGL.NS,-8.66,Tight Trail -8%,14,2024-01-03,2024-01-17
CDSL.NS,-10.07,Tight Trail -8%,50,2023-12-04,2024-01-23
PRESTIGE.NS,-9.68,Tight Trail -8%,20,2024-01-03,2024-01-23
TATAINVEST.NS,39.39,Target +20%,57,2023-12-04,2024-01-30
GICRE.NS,20.26,Target +20%,57,2023-12-04,2024-01-30
VIJAYA.NS,8.24,Tight Trail -8%,96,2023-11-01,2024-02-05
JPPOWER.NS,25.55,Target +20%,33,2024-01-03,2024-02-05
NIACL.NS,21.58,Target +20%,33,2024-01-03,2024-02-05
BRIGADE.NS,22.18,Target +20%,34,2024-01-03,2024-02-06
GICRE.NS,-0.89,Tight Trail -8%,4,2024-02-05,2024-02-09
NIACL.NS,-7.11,Tight Trail -8%,7,2024-02-05,2024-02-12
SOBHA.NS,-2.98,Tight Trail -8%,7,2024-02-05,2024-02-12
PCBL.NS,-8.05,Tight Trail -8%,7,2024-02-05,2024-02-12
TATAPOWER.NS,-8.2,Tight Trail -8%,7,2024-02-05,2024-02-12
JPPOWER.NS,5.53,Tight Trail -8%,8,2024-02-05,2024-02-13
LICI.NS,1.26,Tight Trail -8%,8,2024-02-05,2024-02-13
PRESTIGE.NS,-8.29,Tight Trail -8%,9,2024-02-05,2024-02-14
TATAINVEST.NS,26.3,Target +20%,17,2024-02-05,2024-02-22
SOBHA.NS,-9.43,Tight Trail -8%,6,2024-03-05,2024-03-11
ATGL.NS,-2.42,Tight Trail -8%,36,2024-02-05,2024-03-12
TATAINVEST.NS,-0.5,Tight Trail -8%,7,2024-03-05,2024-03-12
GODFRYPHLP.NS,5.16,Tight Trail -8%,7,2024-03-05,2024-03-12
DBREALTY.NS,-7.9,Tight Trail -8%,7,2024-03-05,2024-03-12
ADANIPOWER.NS,-2.98,Tight Trail -8%,70,2024-01-03,2024-03-13
EIHOTEL.NS,-9.59,Tight Trail -8%,8,2024-03-05,2024-03-13
LICI.NS,-11.44,Tight Trail -8%,8,2024-03-05,2024-03-13
DLF.NS,-10.93,Tight Trail -8%,8,2024-03-05,2024-03-13
GAIL.NS,-13.09,Tight Trail -8%,8,2024-03-05,2024-03-13
TATAPOWER.NS,-6.11,Tight Trail -8%,8,2024-03-05,2024-03-13
CHALET.NS,-8.82,Tight Trail -8%,8,2024-03-05,2024-03-13
GODFRYPHLP.NS,-8.7,Tight Trail -8%,7,2024-04-08,2024-04-15
POLICYBZR.NS,-5.5,Tight Trail -8%,10,2024-04-08,2024-04-18
SIGNATURE.NS,-7.55,Tight Trail -8%,11,2024-04-08,2024-04-19
MOTILALOFS.NS,23.26,Target +20%,14,2024-04-08,2024-04-22
TATAINVEST.NS,-10.13,Tight Trail -8%,28,2024-04-08,2024-05-06
TORNTPOWER.NS,-8.15,Tight Trail -8%,28,2024-04-08,2024-05-06
JSWENERGY.NS,-6.92,Tight Trail -8%,29,2024-04-08,2024-05-07
INDHOTEL.NS,-9.0,Tight Trail -8%,31,2024-04-08,2024-05-09
SOLARINDS.NS,-4.87,Tight Trail -8%,38,2024-04-08,2024-05-16
LINDEINDIA.NS,20.06,Target +20%,7,2024-05-10,2024-05-17
EIHOTEL.NS,-8.35,Tight Trail -8%,49,2024-04-08,2024-05-27
POLICYBZR.NS,-0.03,Tight Trail -8%,18,2024-05-10,2024-05-28
ABREL.NS,0.92,Tight Trail -8%,21,2024-05-10,2024-05-31
GODFRYPHLP.NS,4.53,Tight Trail -8%,25,2024-05-10,2024-06-04
BASF.NS,-7.3,Tight Trail -8%,25,2024-05-10,2024-06-04
VIJAYA.NS,-3.4,Tight Trail -8%,40,2024-05-10,2024-06-19
LINDEINDIA.NS,-7.06,Tight Trail -8%,10,2024-06-11,2024-06-21
MOTILALOFS.NS,-4.81,Tight Trail -8%,14,2024-06-11,2024-06-25
PRESTIGE.NS,-0.92,Tight Trail -8%,16,2024-06-11,2024-06-27
OBEROIRLTY.NS,-8.78,Tight Trail -8%,16,2024-06-11,2024-06-27
TIMKEN.NS,3.18,Tight Trail -8%,17,2024-06-11,2024-06-28
BRIGADE.NS,-7.23,Tight Trail -8%,27,2024-06-11,2024-07-08
SKFINDIA.NS,0.88,Tight Trail -8%,28,2024-06-11,2024-07-09
ABREL.NS,3.93,Tight Trail -8%,29,2024-06-11,2024-07-10
BASF.NS,21.98,Target +20%,30,2024-06-11,2024-07-11
GODFRYPHLP.NS,4.62,Tight Trail -8%,7,2024-07-11,2024-07-18
SOLARINDS.NS,-11.29,Tight Trail -8%,8,2024-07-11,2024-07-19
PHOENIXLTD.NS,-5.35,Tight Trail -8%,11,2024-07-11,2024-07-22
LINDEINDIA.NS,-9.36,Tight Trail -8%,12,2024-07-11,2024-07-23
PRESTIGE.NS,-4.07,Tight Trail -8%,22,2024-07-11,2024-08-02
ANANTRAJ.NS,-0.6,Tight Trail -8%,25,2024-07-11,2024-08-05
SKFINDIA.NS,-8.5,Tight Trail -8%,25,2024-07-11,2024-08-05
CDSL.NS,-5.26,Tight Trail -8%,26,2024-07-11,2024-08-06
BASF.NS,21.37,Target +20%,27,2024-07-11,2024-08-07
TIMKEN.NS,-2.58,Tight Trail -8%,29,2024-07-11,2024-08-09
BASF.NS,-8.15,Tight Trail -8%,2,2024-08-12,2024-08-14
JUBLINGREA.NS,-8.9,Tight Trail -8%,8,2024-08-12,2024-08-20
GODFRYPHLP.NS,31.52,Target +20%,8,2024-08-12,2024-08-20
HSCL.NS,23.05,Target +20%,43,2024-07-11,2024-08-23
PCBL.NS,29.36,Target +20%,11,2024-08-12,2024-08-23
CDSL.NS,21.88,Target +20%,11,2024-08-12,2024-08-23
TORNTPOWER.NS,-7.07,Tight Trail -8%,14,2024-08-12,2024-08-26
RPOWER.NS,2.96,Tight Trail -8%,14,2024-08-12,2024-08-26
ANANTRAJ.NS,21.44,Target +20%,24,2024-08-12,2024-09-05
GODFRYPHLP.NS,24.5,Target +20%,5,2024-09-11,2024-09-16
JMFINANCIL.NS,-3.09,Tight Trail -8%,8,2024-09-11,2024-09-19
IEX.NS,23.11,Target +20%,42,2024-08-12,2024-09-23
CHOICEIN.NS,20.98,Target +20%,75,2024-07-11,2024-09-24
BASF.NS,20.82,Target +20%,22,2024-09-11,2024-10-03
PCBL.NS,3.74,Tight Trail -8%,26,2024-09-11,2024-10-07
HSCL.NS,6.96,Tight Trail -8%,26,2024-09-11,2024-10-07
ANANTRAJ.NS,7.2,Tight Trail -8%,26,2024-09-11,2024-10-07
JUBLINGREA.NS,-1.17,Tight Trail -8%,26,2024-09-11,2024-10-07
MGL.NS,-0.92,Tight Trail -8%,63,2024-08-12,2024-10-14
GSPL.NS,-8.25,Tight Trail -8%,36,2024-09-11,2024-10-17
AKZOINDIA.NS,3.37,Tight Trail -8%,37,2024-09-11,2024-10-18
PCBL.NS,-8.55,Tight Trail -8%,10,2024-10-11,2024-10-21
JMFINANCIL.NS,-4.43,Tight Trail -8%,10,2024-10-11,2024-10-21
RPOWER.NS,-8.52,Tight Trail -8%,10,2024-10-11,2024-10-21
GODFRYPHLP.NS,-10.33,Tight Trail -8%,11,2024-10-11,2024-10-22
AIIL.NS,-8.62,Tight Trail -8%,11,2024-10-11,2024-10-22
ANANTRAJ.NS,-8.02,Tight Trail -8%,2,2024-11-11,2024-11-13
MOTILALOFS.NS,-8.78,Tight Trail -8%,7,2024-11-11,2024-11-18
CDSL.NS,21.2,Target +20%,25,2024-11-11,2024-12-06
ANGELONE.NS,23.25,Target +20%,28,2024-11-11,2024-12-09
VIJAYA.NS,4.2,Tight Trail -8%,29,2024-11-11,2024-12-10
INDHOTEL.NS,20.6,Target +20%,36,2024-11-11,2024-12-17
ANGELONE.NS,-8.12,Tight Trail -8%,5,2024-12-12,2024-12-17
JMFINANCIL.NS,-6.55,Tight Trail -8%,39,2024-11-11,2024-12-20
MOTILALOFS.NS,-8.49,Tight Trail -8%,8,2024-12-12,2024-12-20
CDSL.NS,-7.26,Tight Trail -8%,14,2024-12-12,2024-12-26
RPOWER.NS,-6.66,Tight Trail -8%,15,2024-12-12,2024-12-27
LODHA.NS,-4.98,Tight Trail -8%,20,2024-12-12,2025-01-01
OBEROIRLTY.NS,5.74,Tight Trail -8%,60,2024-11-11,2025-01-10
VIJAYA.NS,-10.11,Tight Trail -8%,4,2025-01-13,2025-01-17
ANANTRAJ.NS,1.41,Tight Trail -8%,9,2025-01-13,2025-01-22
AIIL.NS,-2.15,Tight Trail -8%,14,2025-01-13,2025-01-27
VIJAYA.NS,-13.14,Tight Trail -8%,3,2025-02-10,2025-02-13
AIIL.NS,-9.0,Tight Trail -8%,4,2025-02-10,2025-02-14
CLEAN.NS,-9.24,Tight Trail -8%,4,2025-02-10,2025-02-14
AARTIIND.NS,-8.91,Tight Trail -8%,4,2025-02-10,2025-02-14
SIGNATURE.NS,-11.92,Tight Trail -8%,4,2025-02-10,2025-02-14
IEX.NS,-11.23,Tight Trail -8%,17,2025-02-10,2025-02-27
MGL.NS,-4.22,Tight Trail -8%,28,2025-03-12,2025-04-09
SOLARINDS.NS,22.12,Target +20%,34,2025-03-12,2025-04-15
ADANIENSOL.NS,20.09,Target +20%,42,2025-03-12,2025-04-23
PCBL.NS,-10.61,Tight Trail -8%,9,2025-04-16,2025-04-25
DBREALTY.NS,-8.47,Tight Trail -8%,13,2025-04-16,2025-04-29
ADANIPOWER.NS,3.85,Tight Trail -8%,49,2025-03-12,2025-04-30
TORNTPOWER.NS,-7.93,Tight Trail -8%,19,2025-04-16,2025-05-05
GODFRYPHLP.NS,22.45,Target +20%,27,2025-04-16,2025-05-13
SOLARINDS.NS,23.75,Target +20%,36,2025-04-16,2025-05-22
MFSL.NS,21.52,Target +20%,37,2025-04-16,2025-05-23
DBREALTY.NS,21.17,Target +20%,22,2025-05-19,2025-06-10
IEX.NS,2.71,Tight Trail -8%,57,2025-04-16,2025-06-12
ANGELONE.NS,5.29,Tight Trail -8%,25,2025-05-19,2025-06-13
GAIL.NS,-2.32,Tight Trail -8%,64,2025-04-16,2025-06-19
GODFRYPHLP.NS,-4.95,Tight Trail -8%,35,2025-05-19,2025-06-23
AIIL.NS,22.73,Target +20%,36,2025-05-19,2025-06-24
PRESTIGE.NS,-5.49,Tight Trail -8%,15,2025-06-17,2025-07-02
CHALET.NS,-6.48,Tight Trail -8%,50,2025-05-19,2025-07-08
JMFINANCIL.NS,20.8,Target +20%,21,2025-06-17,2025-07-08
ANGELONE.NS,-6.3,Tight Trail -8%,21,2025-06-17,2025-07-08
RPOWER.NS,1.07,Tight Trail -8%,22,2025-06-17,2025-07-09
SOLARINDS.NS,-7.24,Tight Trail -8%,23,2025-06-17,2025-07-10
DBREALTY.NS,-10.79,Tight Trail -8%,31,2025-06-17,2025-07-18
JPPOWER.NS,-9.39,Tight Trail -8%,5,2025-07-16,2025-07-21
RPOWER.NS,-9.51,Tight Trail -8%,8,2025-07-16,2025-07-24
CDSL.NS,-4.27,Tight Trail -8%,38,2025-06-17,2025-07-25
JMFINANCIL.NS,-4.61,Tight Trail -8%,12,2025-07-16,2025-07-28
PRESTIGE.NS,-6.24,Tight Trail -8%,12,2025-07-16,2025-07-28
TIMKEN.NS,-6.44,Tight Trail -8%,16,2025-07-16,2025-08-01
ANANTRAJ.NS,-10.38,Tight Trail -8%,21,2025-07-16,2025-08-06
SOBHA.NS,-5.49,Tight Trail -8%,22,2025-07-16,2025-08-07
SAILIFE.NS,-8.07,Tight Trail -8%,14,2025-08-14,2025-08-28
AIIL.NS,20.09,Target +20%,44,2025-07-16,2025-08-29
MOTILALOFS.NS,-8.5,Tight Trail -8%,44,2025-07-16,2025-08-29
JMFINANCIL.NS,-4.52,Tight Trail -8%,15,2025-08-14,2025-08-29
GODFRYPHLP.NS,-0.67,Tight Trail -8%,19,2025-08-14,2025-09-02
METROPOLIS.NS,-4.42,Tight Trail -8%,32,2025-08-14,2025-09-15
GODFRYPHLP.NS,-8.12,Tight Trail -8%,7,2025-09-16,2025-09-23
AIIL.NS,-8.21,Tight Trail -8%,7,2025-09-16,2025-09-23
JMFINANCIL.NS,-8.27,Tight Trail -8%,10,2025-09-16,2025-09-26
GODIGIT.NS,-3.88,Tight Trail -8%,46,2025-08-14,2025-09-29
EIHOTEL.NS,-8.86,Tight Trail -8%,13,2025-09-16,2025-09-29
LEMONTREE.NS,-8.26,Tight Trail -8%,28,2025-09-16,2025-10-14
METROPOLIS.NS,-5.75,Tight Trail -8%,28,2025-09-16,2025-10-14
TATAINVEST.NS,-11.15,Tight Trail -8%,4,2025-10-16,2025-10-20
AIIL.NS,-8.13,Tight Trail -8%,13,2025-10-16,2025-10-29
CHOICEIN.NS,21.15,Target +20%,165,2025-05-19,2025-10-31
MOTILALOFS.NS,4.67,Tight Trail -8%,45,2025-09-16,2025-10-31
ADANIPOWER.NS,-0.41,Tight Trail -8%,18,2025-10-16,2025-11-03
ANANTRAJ.NS,-9.88,Tight Trail -8%,39,2025-10-16,2025-11-24
ADANIENSOL.NS,1.33,Tight Trail -8%,85,2025-10-16,2026-01-09
SAILIFE.NS,1.36,Tight Trail -8%,118,2025-09-16,2026-01-12
ANGELONE.NS,-10.12,Tight Trail -8%,14,2026-01-19,2026-02-02
